<?xml version="1.0" encoding="UTF-8" ?>
<!DOCTYPE mapper
        PUBLIC "-//mybatis.org//DTD Mapper 3.0//EN"
        "http://mybatis.org/dtd/mybatis-3-mapper.dtd">
<mapper namespace="com.ytzl.gotrip.mapper.GotripHotelRoomMapper">

    <select id="getGotripHotelRoomById" resultType="com.ytzl.gotrip.model.GotripHotelRoom" >
        select
                id as id,
                hotelId as hotelId,
                roomTitle as roomTitle,
                roomPrice as roomPrice,
                roomBedTypeId as roomBedTypeId,
                isHavingBreakfast as isHavingBreakfast,
                payType as payType,
                satisfaction as satisfaction,
                isBook as isBook,
                isCancel as isCancel,
                isTimelyResponse as isTimelyResponse,
                creationDate as creationDate,
                createdBy as createdBy,
                modifyDate as modifyDate,
                modifiedBy as modifiedBy
        from gotrip_hotel_room
        <trim prefix="where" prefixOverrides="and | or">
            <if test="id != null">
                and id=#{id}
            </if>
        </trim>
    </select>

    <select id="getGotripHotelRoomListByMap" resultType="com.ytzl.gotrip.model.GotripHotelRoom" parameterType="java.util.Map">
        select
                id as id,
                hotelId as hotelId,
                roomTitle as roomTitle,
                roomPrice as roomPrice,
                roomBedTypeId as roomBedTypeId,
                isHavingBreakfast as isHavingBreakfast,
                payType as payType,
                satisfaction as satisfaction,
                isBook as isBook,
                isCancel as isCancel,
                isTimelyResponse as isTimelyResponse,
                creationDate as creationDate,
                createdBy as createdBy,
                modifyDate as modifyDate,
                modifiedBy as modifiedBy
        from gotrip_hotel_room
        <trim prefix="where" prefixOverrides="and | or">
                    <if test="id != null and id!=''">
                        and id=#{id}
                    </if>
                    <if test="hotelId != null and hotelId!=''">
                        and hotelId=#{hotelId}
                    </if>
                    <if test="roomTitle != null and roomTitle!=''">
                        and roomTitle=#{roomTitle}
                    </if>
                    <if test="roomPrice != null and roomPrice!=''">
                        and roomPrice=#{roomPrice}
                    </if>
                    <if test="roomBedTypeId != null and roomBedTypeId!=''">
                        and roomBedTypeId=#{roomBedTypeId}
                    </if>
                    <if test="isHavingBreakfast != null and isHavingBreakfast!=''">
                        and isHavingBreakfast=#{isHavingBreakfast}
                    </if>
                    <if test="payType != null and payType!=''">
                        and payType=#{payType}
                    </if>
                    <if test="satisfaction != null and satisfaction!=''">
                        and satisfaction=#{satisfaction}
                    </if>
                    <if test="isBook != null and isBook!=''">
                        and isBook=#{isBook}
                    </if>
                    <if test="isCancel != null and isCancel!=''">
                        and isCancel=#{isCancel}
                    </if>
                    <if test="isTimelyResponse != null and isTimelyResponse!=''">
                        and isTimelyResponse=#{isTimelyResponse}
                    </if>
                    <if test="creationDate != null and creationDate!=''">
                        and creationDate=#{creationDate}
                    </if>
                    <if test="createdBy != null and createdBy!=''">
                        and createdBy=#{createdBy}
                    </if>
                    <if test="modifyDate != null and modifyDate!=''">
                        and modifyDate=#{modifyDate}
                    </if>
        </trim>
         order by creationDate desc
        <if test="beginPos != null and beginPos!='' and pageSize != null  and pageSize !='' ">
            limit #{beginPos},#{pageSize}
        </if>
    </select>

    <select id="getGotripHotelRoomCountByMap" resultType="Integer"  parameterType="java.util.Map">
        select count(*) from gotrip_hotel_room
        <trim prefix="where" prefixOverrides="and | or">
                <if test="id != null and id!=''">
                    and id=#{id}
                </if>
                <if test="hotelId != null and hotelId!=''">
                    and hotelId=#{hotelId}
                </if>
                <if test="roomTitle != null and roomTitle!=''">
                    and roomTitle=#{roomTitle}
                </if>
                <if test="roomPrice != null and roomPrice!=''">
                    and roomPrice=#{roomPrice}
                </if>
                <if test="roomBedTypeId != null and roomBedTypeId!=''">
                    and roomBedTypeId=#{roomBedTypeId}
                </if>
                <if test="isHavingBreakfast != null and isHavingBreakfast!=''">
                    and isHavingBreakfast=#{isHavingBreakfast}
                </if>
                <if test="payType != null and payType!=''">
                    and payType=#{payType}
                </if>
                <if test="satisfaction != null and satisfaction!=''">
                    and satisfaction=#{satisfaction}
                </if>
                <if test="isBook != null and isBook!=''">
                    and isBook=#{isBook}
                </if>
                <if test="isCancel != null and isCancel!=''">
                    and isCancel=#{isCancel}
                </if>
                <if test="isTimelyResponse != null and isTimelyResponse!=''">
                    and isTimelyResponse=#{isTimelyResponse}
                </if>
                <if test="creationDate != null and creationDate!=''">
                    and creationDate=#{creationDate}
                </if>
                <if test="createdBy != null and createdBy!=''">
                    and createdBy=#{createdBy}
                </if>
                <if test="modifyDate != null and modifyDate!=''">
                    and modifyDate=#{modifyDate}
                </if>
                <if test="modifiedBy != null and modifiedBy!=''">
                    and modifiedBy=#{modifiedBy}
                </if>
        </trim>
    </select>

    <insert id="insertGotripHotelRoom" parameterType="com.ytzl.gotrip.model.GotripHotelRoom">
        insert into gotrip_hotel_room(
                        hotelId,
                        roomTitle,
                        roomPrice,
                        roomBedTypeId,
                        isHavingBreakfast,
                        payType,
                        satisfaction,
                        isBook,
                        isCancel,
                        isTimelyResponse,
                        creationDate,
                        createdBy,
                        modifyDate,
                        modifiedBy)
        values(
                     #{hotelId},
                     #{roomTitle},
                     #{roomPrice},
                     #{roomBedTypeId},
                     #{isHavingBreakfast},
                     #{payType},
                     #{satisfaction},
                     #{isBook},
                     #{isCancel},
                     #{isTimelyResponse},
                     #{creationDate},
                     #{createdBy},
                     #{modifyDate},
                    #{modifiedBy})
    </insert>

    <update id="updateGotripHotelRoom" parameterType="com.ytzl.gotrip.model.GotripHotelRoom">
        update gotrip_hotel_room
        <trim prefix="set" suffixOverrides="," suffix="where id=#{id}">
                    <if test="id != null and id!=''">
                        id=#{id},
                    </if>
                    <if test="hotelId != null and hotelId!=''">
                        hotelId=#{hotelId},
                    </if>
                    <if test="roomTitle != null and roomTitle!=''">
                        roomTitle=#{roomTitle},
                    </if>
                    <if test="roomPrice != null and roomPrice!=''">
                        roomPrice=#{roomPrice},
                    </if>
                    <if test="roomBedTypeId != null and roomBedTypeId!=''">
                        roomBedTypeId=#{roomBedTypeId},
                    </if>
                    <if test="isHavingBreakfast != null and isHavingBreakfast!=''">
                        isHavingBreakfast=#{isHavingBreakfast},
                    </if>
                    <if test="payType != null and payType!=''">
                        payType=#{payType},
                    </if>
                    <if test="satisfaction != null and satisfaction!=''">
                        satisfaction=#{satisfaction},
                    </if>
                    <if test="isBook != null and isBook!=''">
                        isBook=#{isBook},
                    </if>
                    <if test="isCancel != null and isCancel!=''">
                        isCancel=#{isCancel},
                    </if>
                    <if test="isTimelyResponse != null and isTimelyResponse!=''">
                        isTimelyResponse=#{isTimelyResponse},
                    </if>
                    <if test="creationDate != null and creationDate!=''">
                        creationDate=#{creationDate},
                    </if>
                    <if test="createdBy != null and createdBy!=''">
                        createdBy=#{createdBy},
                    </if>
                    <if test="modifyDate != null and modifyDate!=''">
                        modifyDate=#{modifyDate},
                    </if>
                    <if test="modifiedBy != null and modifiedBy!=''">
                        modifiedBy=#{modifiedBy}
                    </if>
        </trim>
    </update>

    <delete id="deleteGotripHotelRoomById" parameterType="Long">
        delete from gotrip_hotel_room where id = #{id}
    </delete>
</mapper>