<?xml version="1.0" encoding="UTF-8" ?>
<!DOCTYPE mapper
        PUBLIC "-//mybatis.org//DTD Mapper 3.0//EN"
        "http://mybatis.org/dtd/mybatis-3-mapper.dtd">
<mapper namespace="com.ytzl.gotrip.mapper.GotripCommentMapper">

    <select id="getGotripCommentById" resultType="com.ytzl.gotrip.model.GotripComment" >
        select
                id as id,
                hotelId as hotelId,
                productId as productId,
                orderId as orderId,
                productType as productType,
                content as content,
                userId as userId,
                isHavingImg as isHavingImg,
                positionScore as positionScore,
                facilitiesScore as facilitiesScore,
                serviceScore as serviceScore,
                hygieneScore as hygieneScore,
                score as score,
                tripMode as tripMode,
                isOk as isOk,
                creationDate as creationDate,
                createdBy as createdBy,
                modifyDate as modifyDate,
                modifiedBy as modifiedBy
        from gotrip_comment
        <trim prefix="where" prefixOverrides="and | or">
            <if test="id != null">
                and id=#{id}
            </if>
        </trim>
    </select>

    <select id="getGotripCommentListByMap" resultType="com.ytzl.gotrip.model.GotripComment" parameterType="java.util.Map">
        select
                id as id,
                hotelId as hotelId,
                productId as productId,
                orderId as orderId,
                productType as productType,
                content as content,
                userId as userId,
                isHavingImg as isHavingImg,
                positionScore as positionScore,
                facilitiesScore as facilitiesScore,
                serviceScore as serviceScore,
                hygieneScore as hygieneScore,
                score as score,
                tripMode as tripMode,
                isOk as isOk,
                creationDate as creationDate,
                createdBy as createdBy,
                modifyDate as modifyDate,
                modifiedBy as modifiedBy
        from gotrip_comment
        <trim prefix="where" prefixOverrides="and | or">
                    <if test="id != null and id!=''">
                        and id=#{id}
                    </if>
                    <if test="hotelId != null and hotelId!=''">
                        and hotelId=#{hotelId}
                    </if>
                    <if test="productId != null and productId!=''">
                        and productId=#{productId}
                    </if>
                    <if test="orderId != null and orderId!=''">
                        and orderId=#{orderId}
                    </if>
                    <if test="productType != null and productType!=''">
                        and productType=#{productType}
                    </if>
                    <if test="content != null and content!=''">
                        and content=#{content}
                    </if>
                    <if test="userId != null and userId!=''">
                        and userId=#{userId}
                    </if>
                    <if test="isHavingImg != null and isHavingImg!=''">
                        and isHavingImg=#{isHavingImg}
                    </if>
                    <if test="positionScore != null and positionScore!=''">
                        and positionScore=#{positionScore}
                    </if>
                    <if test="facilitiesScore != null and facilitiesScore!=''">
                        and facilitiesScore=#{facilitiesScore}
                    </if>
                    <if test="serviceScore != null and serviceScore!=''">
                        and serviceScore=#{serviceScore}
                    </if>
                    <if test="hygieneScore != null and hygieneScore!=''">
                        and hygieneScore=#{hygieneScore}
                    </if>
                    <if test="score != null and score!=''">
                        and score=#{score}
                    </if>
                    <if test="tripMode != null and tripMode!=''">
                        and tripMode=#{tripMode}
                    </if>
                    <if test="isOk != null and isOk!=''">
                        and isOk=#{isOk}
                    </if>
                    <if test="creationDate != null and creationDate!=''">
                        and creationDate=#{creationDate}
                    </if>
                    <if test="createdBy != null and createdBy!=''">
                        and createdBy=#{createdBy}
                    </if>
                    <if test="modifyDate != null and modifyDate!=''">
                        and modifyDate=#{modifyDate}
                    </if>
        </trim>
         order by creationDate desc
        <if test="beginPos != null and beginPos!='' and pageSize != null  and pageSize !='' ">
            limit #{beginPos},#{pageSize}
        </if>
    </select>

    <select id="getGotripCommentCountByMap" resultType="Integer"  parameterType="java.util.Map">
        select count(*) from gotrip_comment
        <trim prefix="where" prefixOverrides="and | or">
                <if test="id != null and id!=''">
                    and id=#{id}
                </if>
                <if test="hotelId != null and hotelId!=''">
                    and hotelId=#{hotelId}
                </if>
                <if test="productId != null and productId!=''">
                    and productId=#{productId}
                </if>
                <if test="orderId != null and orderId!=''">
                    and orderId=#{orderId}
                </if>
                <if test="productType != null and productType!=''">
                    and productType=#{productType}
                </if>
                <if test="content != null and content!=''">
                    and content=#{content}
                </if>
                <if test="userId != null and userId!=''">
                    and userId=#{userId}
                </if>
                <if test="isHavingImg != null and isHavingImg!=''">
                    and isHavingImg=#{isHavingImg}
                </if>
                <if test="positionScore != null and positionScore!=''">
                    and positionScore=#{positionScore}
                </if>
                <if test="facilitiesScore != null and facilitiesScore!=''">
                    and facilitiesScore=#{facilitiesScore}
                </if>
                <if test="serviceScore != null and serviceScore!=''">
                    and serviceScore=#{serviceScore}
                </if>
                <if test="hygieneScore != null and hygieneScore!=''">
                    and hygieneScore=#{hygieneScore}
                </if>
                <if test="score != null and score!=''">
                    and score=#{score}
                </if>
                <if test="tripMode != null and tripMode!=''">
                    and tripMode=#{tripMode}
                </if>
                <if test="isOk != null and isOk!=''">
                    and isOk=#{isOk}
                </if>
                <if test="creationDate != null and creationDate!=''">
                    and creationDate=#{creationDate}
                </if>
                <if test="createdBy != null and createdBy!=''">
                    and createdBy=#{createdBy}
                </if>
                <if test="modifyDate != null and modifyDate!=''">
                    and modifyDate=#{modifyDate}
                </if>
                <if test="modifiedBy != null and modifiedBy!=''">
                    and modifiedBy=#{modifiedBy}
                </if>
        </trim>
    </select>

    <insert id="insertGotripComment" parameterType="com.ytzl.gotrip.model.GotripComment">
        insert into gotrip_comment(
                        hotelId,
                        productId,
                        orderId,
                        productType,
                        content,
                        userId,
                        isHavingImg,
                        positionScore,
                        facilitiesScore,
                        serviceScore,
                        hygieneScore,
                        score,
                        tripMode,
                        isOk,
                        creationDate,
                        createdBy,
                        modifyDate,
                        modifiedBy)
        values(
                     #{hotelId},
                     #{productId},
                     #{orderId},
                     #{productType},
                     #{content},
                     #{userId},
                     #{isHavingImg},
                     #{positionScore},
                     #{facilitiesScore},
                     #{serviceScore},
                     #{hygieneScore},
                     #{score},
                     #{tripMode},
                     #{isOk},
                     #{creationDate},
                     #{createdBy},
                     #{modifyDate},
                    #{modifiedBy})
    </insert>

    <update id="updateGotripComment" parameterType="com.ytzl.gotrip.model.GotripComment">
        update gotrip_comment
        <trim prefix="set" suffixOverrides="," suffix="where id=#{id}">
                    <if test="id != null and id!=''">
                        id=#{id},
                    </if>
                    <if test="hotelId != null and hotelId!=''">
                        hotelId=#{hotelId},
                    </if>
                    <if test="productId != null and productId!=''">
                        productId=#{productId},
                    </if>
                    <if test="orderId != null and orderId!=''">
                        orderId=#{orderId},
                    </if>
                    <if test="productType != null and productType!=''">
                        productType=#{productType},
                    </if>
                    <if test="content != null and content!=''">
                        content=#{content},
                    </if>
                    <if test="userId != null and userId!=''">
                        userId=#{userId},
                    </if>
                    <if test="isHavingImg != null and isHavingImg!=''">
                        isHavingImg=#{isHavingImg},
                    </if>
                    <if test="positionScore != null and positionScore!=''">
                        positionScore=#{positionScore},
                    </if>
                    <if test="facilitiesScore != null and facilitiesScore!=''">
                        facilitiesScore=#{facilitiesScore},
                    </if>
                    <if test="serviceScore != null and serviceScore!=''">
                        serviceScore=#{serviceScore},
                    </if>
                    <if test="hygieneScore != null and hygieneScore!=''">
                        hygieneScore=#{hygieneScore},
                    </if>
                    <if test="score != null and score!=''">
                        score=#{score},
                    </if>
                    <if test="tripMode != null and tripMode!=''">
                        tripMode=#{tripMode},
                    </if>
                    <if test="isOk != null and isOk!=''">
                        isOk=#{isOk},
                    </if>
                    <if test="creationDate != null and creationDate!=''">
                        creationDate=#{creationDate},
                    </if>
                    <if test="createdBy != null and createdBy!=''">
                        createdBy=#{createdBy},
                    </if>
                    <if test="modifyDate != null and modifyDate!=''">
                        modifyDate=#{modifyDate},
                    </if>
                    <if test="modifiedBy != null and modifiedBy!=''">
                        modifiedBy=#{modifiedBy}
                    </if>
        </trim>
    </update>

    <delete id="deleteGotripCommentById" parameterType="Long">
        delete from gotrip_comment where id = #{id}
    </delete>
</mapper>