<?xml version="1.0" encoding="UTF-8" ?>
<!DOCTYPE mapper
        PUBLIC "-//mybatis.org//DTD Mapper 3.0//EN"
        "http://mybatis.org/dtd/mybatis-3-mapper.dtd">
<mapper namespace="com.ytzl.gotrip.mapper.GotripHotelTradingAreaMapper">

    <select id="getGotripHotelTradingAreaById" resultType="com.ytzl.gotrip.model.GotripHotelTradingArea" >
        select
                id as id,
                hotelId as hotelId,
                areaId as areaId,
                creationDate as creationDate,
                createdBy as createdBy,
                modifyDate as modifyDate,
                modifiedBy as modifiedBy
        from gotrip_hotel_trading_area
        <trim prefix="where" prefixOverrides="and | or">
            <if test="id != null">
                and id=#{id}
            </if>
        </trim>
    </select>

    <select id="getGotripHotelTradingAreaListByMap" resultType="com.ytzl.gotrip.model.GotripHotelTradingArea" parameterType="java.util.Map">
        select
                id as id,
                hotelId as hotelId,
                areaId as areaId,
                creationDate as creationDate,
                createdBy as createdBy,
                modifyDate as modifyDate,
                modifiedBy as modifiedBy
        from gotrip_hotel_trading_area
        <trim prefix="where" prefixOverrides="and | or">
                    <if test="id != null and id!=''">
                        and id=#{id}
                    </if>
                    <if test="hotelId != null and hotelId!=''">
                        and hotelId=#{hotelId}
                    </if>
                    <if test="areaId != null and areaId!=''">
                        and areaId=#{areaId}
                    </if>
                    <if test="creationDate != null and creationDate!=''">
                        and creationDate=#{creationDate}
                    </if>
                    <if test="createdBy != null and createdBy!=''">
                        and createdBy=#{createdBy}
                    </if>
                    <if test="modifyDate != null and modifyDate!=''">
                        and modifyDate=#{modifyDate}
                    </if>
        </trim>
         order by creationDate desc
        <if test="beginPos != null and beginPos!='' and pageSize != null  and pageSize !='' ">
            limit #{beginPos},#{pageSize}
        </if>
    </select>

    <select id="getGotripHotelTradingAreaCountByMap" resultType="Integer"  parameterType="java.util.Map">
        select count(*) from gotrip_hotel_trading_area
        <trim prefix="where" prefixOverrides="and | or">
                <if test="id != null and id!=''">
                    and id=#{id}
                </if>
                <if test="hotelId != null and hotelId!=''">
                    and hotelId=#{hotelId}
                </if>
                <if test="areaId != null and areaId!=''">
                    and areaId=#{areaId}
                </if>
                <if test="creationDate != null and creationDate!=''">
                    and creationDate=#{creationDate}
                </if>
                <if test="createdBy != null and createdBy!=''">
                    and createdBy=#{createdBy}
                </if>
                <if test="modifyDate != null and modifyDate!=''">
                    and modifyDate=#{modifyDate}
                </if>
                <if test="modifiedBy != null and modifiedBy!=''">
                    and modifiedBy=#{modifiedBy}
                </if>
        </trim>
    </select>

    <insert id="insertGotripHotelTradingArea" parameterType="com.ytzl.gotrip.model.GotripHotelTradingArea">
        insert into gotrip_hotel_trading_area(
                        hotelId,
                        areaId,
                        creationDate,
                        createdBy,
                        modifyDate,
                        modifiedBy)
        values(
                     #{hotelId},
                     #{areaId},
                     #{creationDate},
                     #{createdBy},
                     #{modifyDate},
                    #{modifiedBy})
    </insert>

    <update id="updateGotripHotelTradingArea" parameterType="com.ytzl.gotrip.model.GotripHotelTradingArea">
        update gotrip_hotel_trading_area
        <trim prefix="set" suffixOverrides="," suffix="where id=#{id}">
                    <if test="id != null and id!=''">
                        id=#{id},
                    </if>
                    <if test="hotelId != null and hotelId!=''">
                        hotelId=#{hotelId},
                    </if>
                    <if test="areaId != null and areaId!=''">
                        areaId=#{areaId},
                    </if>
                    <if test="creationDate != null and creationDate!=''">
                        creationDate=#{creationDate},
                    </if>
                    <if test="createdBy != null and createdBy!=''">
                        createdBy=#{createdBy},
                    </if>
                    <if test="modifyDate != null and modifyDate!=''">
                        modifyDate=#{modifyDate},
                    </if>
                    <if test="modifiedBy != null and modifiedBy!=''">
                        modifiedBy=#{modifiedBy}
                    </if>
        </trim>
    </update>

    <delete id="deleteGotripHotelTradingAreaById" parameterType="Long">
        delete from gotrip_hotel_trading_area where id = #{id}
    </delete>
</mapper>