<?xml version="1.0" encoding="UTF-8" ?>
<!DOCTYPE mapper
        PUBLIC "-//mybatis.org//DTD Mapper 3.0//EN"
        "http://mybatis.org/dtd/mybatis-3-mapper.dtd">
<mapper namespace="com.ytzl.gotrip.mapper.GotripUserLinkUserMapper">

    <select id="getGotripUserLinkUserById" resultType="com.ytzl.gotrip.model.GotripUserLinkUser" >
        select
                id as id,
                linkUserName as linkUserName,
                linkIdCard as linkIdCard,
                linkPhone as linkPhone,
                userId as userId,
                creationDate as creationDate,
                createdBy as createdBy,
                modifyDate as modifyDate,
                modifiedBy as modifiedBy,
                linkIdCardType as linkIdCardType
        from gotrip_user_link_user
        <trim prefix="where" prefixOverrides="and | or">
            <if test="id != null">
                and id=#{id}
            </if>
        </trim>
    </select>

    <select id="getGotripUserLinkUserListByMap" resultType="com.ytzl.gotrip.model.GotripUserLinkUser" parameterType="java.util.Map">
        select
                id as id,
                linkUserName as linkUserName,
                linkIdCard as linkIdCard,
                linkPhone as linkPhone,
                userId as userId,
                creationDate as creationDate,
                createdBy as createdBy,
                modifyDate as modifyDate,
                modifiedBy as modifiedBy,
                linkIdCardType as linkIdCardType
        from gotrip_user_link_user
        <trim prefix="where" prefixOverrides="and | or">
                    <if test="id != null and id!=''">
                        and id=#{id}
                    </if>
                    <if test="linkUserName != null and linkUserName!=''">
                        and linkUserName=#{linkUserName}
                    </if>
                    <if test="linkIdCard != null and linkIdCard!=''">
                        and linkIdCard=#{linkIdCard}
                    </if>
                    <if test="linkPhone != null and linkPhone!=''">
                        and linkPhone=#{linkPhone}
                    </if>
                    <if test="userId != null and userId!=''">
                        and userId=#{userId}
                    </if>
                    <if test="creationDate != null and creationDate!=''">
                        and creationDate=#{creationDate}
                    </if>
                    <if test="createdBy != null and createdBy!=''">
                        and createdBy=#{createdBy}
                    </if>
                    <if test="modifyDate != null and modifyDate!=''">
                        and modifyDate=#{modifyDate}
                    </if>
                    <if test="modifiedBy != null and modifiedBy!=''">
                        and modifiedBy=#{modifiedBy}
                    </if>
        </trim>
         order by creationDate desc
        <if test="beginPos != null and beginPos!='' and pageSize != null  and pageSize !='' ">
            limit #{beginPos},#{pageSize}
        </if>
    </select>

    <select id="getGotripUserLinkUserCountByMap" resultType="Integer"  parameterType="java.util.Map">
        select count(*) from gotrip_user_link_user
        <trim prefix="where" prefixOverrides="and | or">
                <if test="id != null and id!=''">
                    and id=#{id}
                </if>
                <if test="linkUserName != null and linkUserName!=''">
                    and linkUserName=#{linkUserName}
                </if>
                <if test="linkIdCard != null and linkIdCard!=''">
                    and linkIdCard=#{linkIdCard}
                </if>
                <if test="linkPhone != null and linkPhone!=''">
                    and linkPhone=#{linkPhone}
                </if>
                <if test="userId != null and userId!=''">
                    and userId=#{userId}
                </if>
                <if test="creationDate != null and creationDate!=''">
                    and creationDate=#{creationDate}
                </if>
                <if test="createdBy != null and createdBy!=''">
                    and createdBy=#{createdBy}
                </if>
                <if test="modifyDate != null and modifyDate!=''">
                    and modifyDate=#{modifyDate}
                </if>
                <if test="modifiedBy != null and modifiedBy!=''">
                    and modifiedBy=#{modifiedBy}
                </if>
                <if test="linkIdCardType != null and linkIdCardType!=''">
                    and linkIdCardType=#{linkIdCardType}
                </if>
        </trim>
    </select>

    <insert id="insertGotripUserLinkUser" parameterType="com.ytzl.gotrip.model.GotripUserLinkUser">
        insert into gotrip_user_link_user(
                        linkUserName,
                        linkIdCard,
                        linkPhone,
                        userId,
                        creationDate,
                        createdBy,
                        modifyDate,
                        modifiedBy,
                        linkIdCardType)
        values(
                     #{linkUserName},
                     #{linkIdCard},
                     #{linkPhone},
                     #{userId},
                     #{creationDate},
                     #{createdBy},
                     #{modifyDate},
                     #{modifiedBy},
                    #{linkIdCardType})
    </insert>

    <update id="updateGotripUserLinkUser" parameterType="com.ytzl.gotrip.model.GotripUserLinkUser">
        update gotrip_user_link_user
        <trim prefix="set" suffixOverrides="," suffix="where id=#{id}">
                    <if test="id != null and id!=''">
                        id=#{id},
                    </if>
                    <if test="linkUserName != null and linkUserName!=''">
                        linkUserName=#{linkUserName},
                    </if>
                    <if test="linkIdCard != null and linkIdCard!=''">
                        linkIdCard=#{linkIdCard},
                    </if>
                    <if test="linkPhone != null and linkPhone!=''">
                        linkPhone=#{linkPhone},
                    </if>
                    <if test="userId != null and userId!=''">
                        userId=#{userId},
                    </if>
                    <if test="creationDate != null and creationDate!=''">
                        creationDate=#{creationDate},
                    </if>
                    <if test="createdBy != null and createdBy!=''">
                        createdBy=#{createdBy},
                    </if>
                    <if test="modifyDate != null and modifyDate!=''">
                        modifyDate=#{modifyDate},
                    </if>
                    <if test="modifiedBy != null and modifiedBy!=''">
                        modifiedBy=#{modifiedBy},
                    </if>
                    <if test="linkIdCardType != null and linkIdCardType!=''">
                        linkIdCardType=#{linkIdCardType}
                    </if>
        </trim>
    </update>

    <delete id="deleteGotripUserLinkUserById" parameterType="Long">
        delete from gotrip_user_link_user where id = #{id}
    </delete>
</mapper>