<?xml version="1.0" encoding="UTF-8" ?>
<!DOCTYPE mapper
        PUBLIC "-//mybatis.org//DTD Mapper 3.0//EN"
        "http://mybatis.org/dtd/mybatis-3-mapper.dtd">
<mapper namespace="com.ytzl.gotrip.mapper.GotripHotelMapper">

    <select id="getGotripHotelById" resultType="com.ytzl.gotrip.model.GotripHotel" >
        select
                id as id,
                hotelName as hotelName,
                countryId as countryId,
                provinceId as provinceId,
                cityId as cityId,
                address as address,
                details as details,
                facilities as facilities,
                hotelPolicy as hotelPolicy,
                hotelType as hotelType,
                hotelLevel as hotelLevel,
                isGroupPurchase as isGroupPurchase,
                redundantCityName as redundantCityName,
                redundantProvinceName as redundantProvinceName,
                redundantCountryName as redundantCountryName,
                redundantHotelStore as redundantHotelStore,
                creationDate as creationDate,
                createdBy as createdBy,
                modifyDate as modifyDate,
                modifiedBy as modifiedBy
        from gotrip_hotel
        <trim prefix="where" prefixOverrides="and | or">
            <if test="id != null">
                and id=#{id}
            </if>
        </trim>
    </select>

    <select id="getGotripHotelListByMap" resultType="com.ytzl.gotrip.model.GotripHotel" parameterType="java.util.Map">
        select
                id as id,
                hotelName as hotelName,
                countryId as countryId,
                provinceId as provinceId,
                cityId as cityId,
                address as address,
                details as details,
                facilities as facilities,
                hotelPolicy as hotelPolicy,
                hotelType as hotelType,
                hotelLevel as hotelLevel,
                isGroupPurchase as isGroupPurchase,
                redundantCityName as redundantCityName,
                redundantProvinceName as redundantProvinceName,
                redundantCountryName as redundantCountryName,
                redundantHotelStore as redundantHotelStore,
                creationDate as creationDate,
                createdBy as createdBy,
                modifyDate as modifyDate,
                modifiedBy as modifiedBy
        from gotrip_hotel
        <trim prefix="where" prefixOverrides="and | or">
                    <if test="id != null and id!=''">
                        and id=#{id}
                    </if>
                    <if test="hotelName != null and hotelName!=''">
                        and hotelName=#{hotelName}
                    </if>
                    <if test="countryId != null and countryId!=''">
                        and countryId=#{countryId}
                    </if>
                    <if test="provinceId != null and provinceId!=''">
                        and provinceId=#{provinceId}
                    </if>
                    <if test="cityId != null and cityId!=''">
                        and cityId=#{cityId}
                    </if>
                    <if test="address != null and address!=''">
                        and address=#{address}
                    </if>
                    <if test="details != null and details!=''">
                        and details=#{details}
                    </if>
                    <if test="facilities != null and facilities!=''">
                        and facilities=#{facilities}
                    </if>
                    <if test="hotelPolicy != null and hotelPolicy!=''">
                        and hotelPolicy=#{hotelPolicy}
                    </if>
                    <if test="hotelType != null and hotelType!=''">
                        and hotelType=#{hotelType}
                    </if>
                    <if test="hotelLevel != null and hotelLevel!=''">
                        and hotelLevel=#{hotelLevel}
                    </if>
                    <if test="isGroupPurchase != null and isGroupPurchase!=''">
                        and isGroupPurchase=#{isGroupPurchase}
                    </if>
                    <if test="redundantCityName != null and redundantCityName!=''">
                        and redundantCityName=#{redundantCityName}
                    </if>
                    <if test="redundantProvinceName != null and redundantProvinceName!=''">
                        and redundantProvinceName=#{redundantProvinceName}
                    </if>
                    <if test="redundantCountryName != null and redundantCountryName!=''">
                        and redundantCountryName=#{redundantCountryName}
                    </if>
                    <if test="redundantHotelStore != null and redundantHotelStore!=''">
                        and redundantHotelStore=#{redundantHotelStore}
                    </if>
                    <if test="creationDate != null and creationDate!=''">
                        and creationDate=#{creationDate}
                    </if>
                    <if test="createdBy != null and createdBy!=''">
                        and createdBy=#{createdBy}
                    </if>
                    <if test="modifyDate != null and modifyDate!=''">
                        and modifyDate=#{modifyDate}
                    </if>
        </trim>
         order by creationDate desc
        <if test="beginPos != null and beginPos!='' and pageSize != null  and pageSize !='' ">
            limit #{beginPos},#{pageSize}
        </if>
    </select>

    <select id="getGotripHotelCountByMap" resultType="Integer"  parameterType="java.util.Map">
        select count(*) from gotrip_hotel
        <trim prefix="where" prefixOverrides="and | or">
                <if test="id != null and id!=''">
                    and id=#{id}
                </if>
                <if test="hotelName != null and hotelName!=''">
                    and hotelName=#{hotelName}
                </if>
                <if test="countryId != null and countryId!=''">
                    and countryId=#{countryId}
                </if>
                <if test="provinceId != null and provinceId!=''">
                    and provinceId=#{provinceId}
                </if>
                <if test="cityId != null and cityId!=''">
                    and cityId=#{cityId}
                </if>
                <if test="address != null and address!=''">
                    and address=#{address}
                </if>
                <if test="details != null and details!=''">
                    and details=#{details}
                </if>
                <if test="facilities != null and facilities!=''">
                    and facilities=#{facilities}
                </if>
                <if test="hotelPolicy != null and hotelPolicy!=''">
                    and hotelPolicy=#{hotelPolicy}
                </if>
                <if test="hotelType != null and hotelType!=''">
                    and hotelType=#{hotelType}
                </if>
                <if test="hotelLevel != null and hotelLevel!=''">
                    and hotelLevel=#{hotelLevel}
                </if>
                <if test="isGroupPurchase != null and isGroupPurchase!=''">
                    and isGroupPurchase=#{isGroupPurchase}
                </if>
                <if test="redundantCityName != null and redundantCityName!=''">
                    and redundantCityName=#{redundantCityName}
                </if>
                <if test="redundantProvinceName != null and redundantProvinceName!=''">
                    and redundantProvinceName=#{redundantProvinceName}
                </if>
                <if test="redundantCountryName != null and redundantCountryName!=''">
                    and redundantCountryName=#{redundantCountryName}
                </if>
                <if test="redundantHotelStore != null and redundantHotelStore!=''">
                    and redundantHotelStore=#{redundantHotelStore}
                </if>
                <if test="creationDate != null and creationDate!=''">
                    and creationDate=#{creationDate}
                </if>
                <if test="createdBy != null and createdBy!=''">
                    and createdBy=#{createdBy}
                </if>
                <if test="modifyDate != null and modifyDate!=''">
                    and modifyDate=#{modifyDate}
                </if>
                <if test="modifiedBy != null and modifiedBy!=''">
                    and modifiedBy=#{modifiedBy}
                </if>
        </trim>
    </select>

    <insert id="insertGotripHotel" parameterType="com.ytzl.gotrip.model.GotripHotel">
        insert into gotrip_hotel(
                        hotelName,
                        countryId,
                        provinceId,
                        cityId,
                        address,
                        details,
                        facilities,
                        hotelPolicy,
                        hotelType,
                        hotelLevel,
                        isGroupPurchase,
                        redundantCityName,
                        redundantProvinceName,
                        redundantCountryName,
                        redundantHotelStore,
                        creationDate,
                        createdBy,
                        modifyDate,
                        modifiedBy)
        values(
                     #{hotelName},
                     #{countryId},
                     #{provinceId},
                     #{cityId},
                     #{address},
                     #{details},
                     #{facilities},
                     #{hotelPolicy},
                     #{hotelType},
                     #{hotelLevel},
                     #{isGroupPurchase},
                     #{redundantCityName},
                     #{redundantProvinceName},
                     #{redundantCountryName},
                     #{redundantHotelStore},
                     #{creationDate},
                     #{createdBy},
                     #{modifyDate},
                    #{modifiedBy})
    </insert>

    <update id="updateGotripHotel" parameterType="com.ytzl.gotrip.model.GotripHotel">
        update gotrip_hotel
        <trim prefix="set" suffixOverrides="," suffix="where id=#{id}">
                    <if test="id != null and id!=''">
                        id=#{id},
                    </if>
                    <if test="hotelName != null and hotelName!=''">
                        hotelName=#{hotelName},
                    </if>
                    <if test="countryId != null and countryId!=''">
                        countryId=#{countryId},
                    </if>
                    <if test="provinceId != null and provinceId!=''">
                        provinceId=#{provinceId},
                    </if>
                    <if test="cityId != null and cityId!=''">
                        cityId=#{cityId},
                    </if>
                    <if test="address != null and address!=''">
                        address=#{address},
                    </if>
                    <if test="details != null and details!=''">
                        details=#{details},
                    </if>
                    <if test="facilities != null and facilities!=''">
                        facilities=#{facilities},
                    </if>
                    <if test="hotelPolicy != null and hotelPolicy!=''">
                        hotelPolicy=#{hotelPolicy},
                    </if>
                    <if test="hotelType != null and hotelType!=''">
                        hotelType=#{hotelType},
                    </if>
                    <if test="hotelLevel != null and hotelLevel!=''">
                        hotelLevel=#{hotelLevel},
                    </if>
                    <if test="isGroupPurchase != null and isGroupPurchase!=''">
                        isGroupPurchase=#{isGroupPurchase},
                    </if>
                    <if test="redundantCityName != null and redundantCityName!=''">
                        redundantCityName=#{redundantCityName},
                    </if>
                    <if test="redundantProvinceName != null and redundantProvinceName!=''">
                        redundantProvinceName=#{redundantProvinceName},
                    </if>
                    <if test="redundantCountryName != null and redundantCountryName!=''">
                        redundantCountryName=#{redundantCountryName},
                    </if>
                    <if test="redundantHotelStore != null and redundantHotelStore!=''">
                        redundantHotelStore=#{redundantHotelStore},
                    </if>
                    <if test="creationDate != null and creationDate!=''">
                        creationDate=#{creationDate},
                    </if>
                    <if test="createdBy != null and createdBy!=''">
                        createdBy=#{createdBy},
                    </if>
                    <if test="modifyDate != null and modifyDate!=''">
                        modifyDate=#{modifyDate},
                    </if>
                    <if test="modifiedBy != null and modifiedBy!=''">
                        modifiedBy=#{modifiedBy}
                    </if>
        </trim>
    </update>

    <delete id="deleteGotripHotelById" parameterType="Long">
        delete from gotrip_hotel where id = #{id}
    </delete>
</mapper>