<?xml version="1.0" encoding="UTF-8" ?>
<!DOCTYPE mapper
        PUBLIC "-//mybatis.org//DTD Mapper 3.0//EN"
        "http://mybatis.org/dtd/mybatis-3-mapper.dtd">
<mapper namespace="com.ytzl.gotrip.mapper.GotripHotelTempStoreMapper">

    <select id="getGotripHotelTempStoreById" resultType="com.ytzl.gotrip.model.GotripHotelTempStore" >
        select
                id as id,
                hotelId as hotelId,
                roomId as roomId,
                recordDate as recordDate,
                store as store,
                creationDate as creationDate,
                createdBy as createdBy,
                modifyDate as modifyDate,
                modifiedBy as modifiedBy
        from gotrip_hotel_temp_store
        <trim prefix="where" prefixOverrides="and | or">
            <if test="id != null">
                and id=#{id}
            </if>
        </trim>
    </select>

    <select id="getGotripHotelTempStoreListByMap" resultType="com.ytzl.gotrip.model.GotripHotelTempStore" parameterType="java.util.Map">
        select
                id as id,
                hotelId as hotelId,
                roomId as roomId,
                recordDate as recordDate,
                store as store,
                creationDate as creationDate,
                createdBy as createdBy,
                modifyDate as modifyDate,
                modifiedBy as modifiedBy
        from gotrip_hotel_temp_store
        <trim prefix="where" prefixOverrides="and | or">
                    <if test="id != null and id!=''">
                        and id=#{id}
                    </if>
                    <if test="hotelId != null and hotelId!=''">
                        and hotelId=#{hotelId}
                    </if>
                    <if test="roomId != null and roomId!=''">
                        and roomId=#{roomId}
                    </if>
                    <if test="recordDate != null and recordDate!=''">
                        and recordDate=#{recordDate}
                    </if>
                    <if test="store != null and store!=''">
                        and store=#{store}
                    </if>
                    <if test="creationDate != null and creationDate!=''">
                        and creationDate=#{creationDate}
                    </if>
                    <if test="createdBy != null and createdBy!=''">
                        and createdBy=#{createdBy}
                    </if>
                    <if test="modifyDate != null and modifyDate!=''">
                        and modifyDate=#{modifyDate}
                    </if>
        </trim>
         order by creationDate desc
        <if test="beginPos != null and beginPos!='' and pageSize != null  and pageSize !='' ">
            limit #{beginPos},#{pageSize}
        </if>
    </select>

    <select id="getGotripHotelTempStoreCountByMap" resultType="Integer"  parameterType="java.util.Map">
        select count(*) from gotrip_hotel_temp_store
        <trim prefix="where" prefixOverrides="and | or">
                <if test="id != null and id!=''">
                    and id=#{id}
                </if>
                <if test="hotelId != null and hotelId!=''">
                    and hotelId=#{hotelId}
                </if>
                <if test="roomId != null and roomId!=''">
                    and roomId=#{roomId}
                </if>
                <if test="recordDate != null and recordDate!=''">
                    and recordDate=#{recordDate}
                </if>
                <if test="store != null and store!=''">
                    and store=#{store}
                </if>
                <if test="creationDate != null and creationDate!=''">
                    and creationDate=#{creationDate}
                </if>
                <if test="createdBy != null and createdBy!=''">
                    and createdBy=#{createdBy}
                </if>
                <if test="modifyDate != null and modifyDate!=''">
                    and modifyDate=#{modifyDate}
                </if>
                <if test="modifiedBy != null and modifiedBy!=''">
                    and modifiedBy=#{modifiedBy}
                </if>
        </trim>
    </select>

    <insert id="insertGotripHotelTempStore" parameterType="com.ytzl.gotrip.model.GotripHotelTempStore">
        insert into gotrip_hotel_temp_store(
                        hotelId,
                        roomId,
                        recordDate,
                        store,
                        creationDate,
                        createdBy,
                        modifyDate,
                        modifiedBy)
        values(
                     #{hotelId},
                     #{roomId},
                     #{recordDate},
                     #{store},
                     #{creationDate},
                     #{createdBy},
                     #{modifyDate},
                    #{modifiedBy})
    </insert>

    <update id="updateGotripHotelTempStore" parameterType="com.ytzl.gotrip.model.GotripHotelTempStore">
        update gotrip_hotel_temp_store
        <trim prefix="set" suffixOverrides="," suffix="where id=#{id}">
                    <if test="id != null and id!=''">
                        id=#{id},
                    </if>
                    <if test="hotelId != null and hotelId!=''">
                        hotelId=#{hotelId},
                    </if>
                    <if test="roomId != null and roomId!=''">
                        roomId=#{roomId},
                    </if>
                    <if test="recordDate != null and recordDate!=''">
                        recordDate=#{recordDate},
                    </if>
                    <if test="store != null and store!=''">
                        store=#{store},
                    </if>
                    <if test="creationDate != null and creationDate!=''">
                        creationDate=#{creationDate},
                    </if>
                    <if test="createdBy != null and createdBy!=''">
                        createdBy=#{createdBy},
                    </if>
                    <if test="modifyDate != null and modifyDate!=''">
                        modifyDate=#{modifyDate},
                    </if>
                    <if test="modifiedBy != null and modifiedBy!=''">
                        modifiedBy=#{modifiedBy}
                    </if>
        </trim>
    </update>

    <delete id="deleteGotripHotelTempStoreById" parameterType="Long">
        delete from gotrip_hotel_temp_store where id = #{id}
    </delete>
</mapper>